Release Price ($),Current Price ($),RAM (GB),SSD (GB),HDD (GB),OS type (bit),Graphics Memory (GB),Display Size (in),Warranty (yrs),Touchscreen,MS Office,Discount (%),Star Rating,Ratings,Reviews,Year,CPU Fequency (GHz),CPU Cache (MB),Cores,Threads
399.9,339.9,4,0,1024,64,0,14.1,0,0,0,15,3.4,31,6,2021,4.4,6,4,8
406.14,369.9,4,256,0,64,0,14,1,0,1,8,4.3,1178,137,2021,4.4,6,4,8
409.9,349.9,4,0,1024,64,0,15.6,1,0,0,14,3.7,4203,490,2021,4.4,6,4,8
419.9,346.49,4,0,1024,64,0,15.6,0,0,0,17,2.3,3,0,2021,4.4,6,4,8
431.26,429.9,4,256,1024,64,0,14,1,0,1,0,4.1,62,7,2021,4.4,8,4,8
433.12,394.9,8,256,0,64,0,14,1,0,1,8,4.3,1267,171,2021,4.4,6,4,8
439.9,329.9,8,0,1024,64,0,15.6,0,0,0,25,2,12,0,2021,4.4,6,4,8
439.99,399.99,4,0,1024,64,0,15.6,0,0,0,9,3.1,8,1,2021,4.4,6,4,8
447.8,421.9,8,0,1024,64,0,14,0,0,0,5,3.9,250,21,2021,4.4,8,4,8
450,369.99,4,0,1024,32,0,15.6,0,0,0,17,0,0,0,2021,4.4,8,4,8
459.9,429.9,4,128,0,64,0,12.2,0,1,0,6,3.5,25,6,2017,3,4,2,4
463.9,449.9,8,512,0,64,0,14,1,0,1,3,4.4,2058,305,2021,4.4,8,4,8
466.02,412.5,8,512,0,64,0,15.6,1,0,0,11,4.1,117,11,2021,4.4,8,4,8
469.9,339.8,8,256,0,64,0,14,0,0,0,27,4.4,67,3,2021,4.4,6,4,8
469.9,328.9,8,0,1024,64,0,14.1,1,0,0,30,3.9,28,4,2021,4.4,6,4,8
482,389.4,4,256,0,64,0,15.6,2,0,0,19,4.3,758,64,2021,4.4,6,4,8
489.33,436.9,8,0,1024,64,0,15.6,1,0,1,10,4.1,4999,490,2021,4.4,8,4,8
489.9,359.9,4,0,1024,64,0,15.6,1,0,0,26,3.8,17,0,2021,4.4,6,4,8
489.9,414.8,8,0,1024,32,0,15.6,0,0,0,15,3.8,25,4,2021,4.4,8,4,8
495.9,489.9,8,512,0,64,0,14,0,0,0,1,4.5,17,3,2021,4.4,8,4,8
495.9,429.9,8,512,0,64,0,15.6,1,0,1,13,4.3,681,59,2021,4.4,8,4,8
498.26,419.9,8,512,0,64,0,14,1,0,1,15,3.9,29,7,2021,4.4,6,4,8
499.9,359.9,4,512,0,64,0,15.6,1,0,0,28,4.4,130,12,2021,4.4,6,4,8
499.9,399.9,4,512,0,64,0,15.6,1,0,1,20,4.3,2551,297,2021,4.4,6,4,8
499.9,344.29,4,256,0,64,0,14,0,0,0,31,4.1,37,6,2021,4.4,8,4,8
499.9,359.9,4,256,0,32,0,15.6,1,0,1,28,4.3,1479,181,2021,4.4,8,4,8
499.99,329.9,8,256,0,64,0,14,0,0,0,34,4.3,1221,265,2021,4.4,6,4,8
499.99,329.9,8,256,0,64,0,14,0,0,0,34,4.3,1221,265,2021,4.4,6,4,8
500.85,399.9,8,256,0,64,0,14,1,0,1,20,4.2,273,30,2021,4.4,8,4,8
501.9,467.9,8,0,1024,64,0,15.6,1,0,0,6,4.2,3062,325,2019,3.9,6,4,8
501.96,439.7,8,512,0,64,0,15.6,1,0,1,12,4.3,571,56,2021,4.4,8,4,8
502.94,424.9,8,512,0,64,0,15.6,1,0,1,15,4.3,1296,126,2021,4.4,6,4,8
506.93,424.9,8,0,1024,64,0,15.6,0,0,0,16,4,276,40,2021,4.4,8,4,8
509.9,379.9,8,512,0,64,0,15.6,1,0,0,25,4.3,990,108,2021,4.4,6,4,8
509.9,389.99,8,0,1024,32,0,15.6,0,0,0,23,3.6,7,2,2021,4.4,6,4,8
514.93,379.9,8,0,1024,64,0,14.96,1,0,1,26,3.7,265,46,2021,4.4,8,4,8
515.44,389.9,4,256,0,64,0,15,1,0,1,24,4.4,106,13,2021,4.4,8,4,8
519.9,378.9,8,256,0,64,0,14,1,0,1,27,4.6,44,5,2021,4.4,8,4,8
519.9,384.9,8,256,0,64,0,15.6,1,0,0,25,3.8,19,3,2021,4.4,8,4,8
519.9,389,8,0,1024,64,0,15.6,1,0,0,25,3.9,13,0,2021,4.4,8,4,8
519.9,415,8,0,1024,32,0,15.6,0,0,0,20,3,4,0,2021,4.4,8,4,8
519.9,386.8,8,0,1024,64,0,15.6,1,0,0,25,3.2,17,1,2021,4.4,8,4,8
519.99,389.9,8,256,0,32,0,15.6,1,0,0,25,4.3,1063,152,2021,4.4,8,4,8
529,449.9,8,512,0,64,0,14,0,0,0,14,0,0,0,2021,4.4,8,4,8
529.9,369.9,8,256,0,64,0,14,0,0,0,30,4.4,20,1,2021,4.4,8,4,8
529.9,379.9,8,256,0,64,0,15.6,1,0,0,28,4.3,284,39,2021,4.4,8,4,8
529.99,389.9,8,256,0,64,0,15.6,1,0,0,26,0,0,0,2021,4.4,8,4,8
537.9,364.9,4,256,0,64,0,14,0,0,0,32,0,0,0,2021,4.4,6,4,8
545.1,419.9,8,256,0,64,0,14.96,1,0,1,22,3.6,10,5,2021,4.4,8,4,8
545.17,394.9,8,0,1024,64,0,14,1,0,1,27,4,1917,189,2021,4.4,6,4,8
547.82,414.9,8,256,1024,64,0,15.6,1,0,1,24,5,7,5,2021,4.4,6,4,8
547.86,487.9,8,0,1024,32,0,15.6,1,0,1,10,3.4,11,1,2021,4.6,12,6,12
549.92,403.9,8,0,1024,64,0,14.96,0,0,0,26,3.2,83,15,2021,4.4,6,4,8
549.99,469.9,8,256,0,64,0,14,1,0,1,14,4.4,6352,1014,2021,4.4,8,4,8
552.02,456.5,8,512,0,64,0,15.6,0,0,0,17,4.1,39,4,2021,4.4,8,4,8
553.51,429,8,0,1024,32,0,15.6,0,0,0,22,0,0,0,2021,4.4,8,4,8
554.48,414.9,8,256,0,64,0,14,1,0,1,25,4.3,1753,165,2021,4.4,8,4,8
554.9,394.9,4,256,0,64,0,15,1,0,1,28,4.4,634,64,2021,4.4,6,4,8
555.06,438,8,0,1024,32,0,15.6,0,0,0,21,4.2,17,0,2021,4.4,8,4,8
558.9,389.9,8,0,1024,32,0,15.6,0,0,0,30,0,0,0,2021,4.4,6,4,8
559.9,409.9,8,512,0,64,0,14,0,0,0,26,4.4,118,17,2021,4.4,6,4,8
559.9,419.9,8,512,0,64,0,14.1,1,0,1,25,0,0,0,2021,4.4,8,4,8
559.99,529.9,4,128,0,64,0,12.2,0,1,0,5,3.9,28,4,2017,3.4,4,2,4
559.99,429.9,8,512,0,32,0,15.6,1,0,0,23,4.3,1063,152,2021,4.4,8,4,8
565.9,389.7,8,256,0,32,0,15.6,0,0,0,31,0,0,0,2021,4.4,6,4,8
567.76,429.9,8,256,0,64,0,15.6,1,0,0,24,4.3,17,2,2021,4.4,8,4,8
569.99,469.9,8,0,1024,64,0,14,1,0,0,17,3.8,253,28,2021,4.5,12,6,12
572.9,359.9,8,0,1024,64,0,15.6,1,0,1,37,4,2124,233,2021,4.4,6,4,8
572.9,419.9,8,256,0,64,0,14,1,0,1,26,4.4,1084,160,2021,4.4,8,4,8
573.3,429.9,8,512,0,64,0,15.6,1,0,1,25,4.4,158,18,2021,4.4,8,4,8
574.79,444.9,8,256,1024,64,0,15.6,0,0,0,22,4.3,844,103,2021,4.4,8,4,8
576.7,419.9,8,256,0,64,0,14.96,0,0,0,27,4.2,216,21,2021,4.4,8,4,8
579.9,379.9,8,256,0,64,0,14,0,0,0,34,4.2,286,36,2021,4.4,6,4,8
579.9,379.9,8,256,0,32,0,15.6,2,0,1,34,4.3,2080,235,2021,4.4,6,4,8
579.9,429.9,8,512,0,64,0,14,1,0,0,25,4.3,30,4,2021,4.4,8,4,8
579.9,429.9,8,512,0,64,0,14,1,0,0,25,4.5,40,7,2021,4.4,8,4,8
579.9,429.9,8,512,0,64,0,14,1,0,0,25,4.7,74,11,2021,4.4,8,4,8
579.9,418.9,8,256,1024,64,0,14.1,1,0,1,27,4.2,53,6,2021,4.4,8,4,8
582.29,459.3,8,512,0,64,0,15.6,0,0,0,21,0,0,0,2021,4.4,8,4,8
584.93,485,8,256,0,64,0,15.6,1,0,0,17,0,0,0,2021,4.4,8,4,8
589.9,449.9,8,512,0,64,0,14.1,1,0,1,23,0,0,0,2021,4.4,8,4,8
589.9,459.9,8,256,0,64,0,15.6,1,0,0,22,4.5,816,147,2021,4.4,8,4,8
589.9,459.9,8,256,0,64,0,15.6,1,0,0,22,4.5,816,147,2021,4.4,8,4,8
589.9,489.9,8,256,0,64,0,15.6,0,0,0,16,0,0,0,2021,4.4,8,4,8
590,499.99,4,0,1024,32,0,14,0,0,0,15,0,0,0,2021,4.6,12,6,12
591.01,463.9,8,256,1024,64,0,15.6,0,0,0,21,2.9,95,5,2021,4.4,6,4,8
592.39,449.9,4,256,0,64,0,15.6,1,0,1,24,4.1,42,4,2021,4.4,8,4,8
596.54,424.9,8,256,0,64,0,15.6,0,0,0,28,4.8,9,1,2021,4.4,8,4,8
599.9,489.9,8,256,1024,64,0,15.6,1,0,0,18,4.1,724,92,2021,4.4,8,4,8
599.9,489.9,8,512,0,32,0,15.6,1,0,0,18,4.2,1708,242,2021,4.5,12,6,12
599.99,424.9,8,512,0,64,0,14,0,0,0,29,4.1,383,65,2021,4.6,12,6,12
599.99,399.99,8,256,0,64,0,15.6,2,0,1,33,5,4,0,2021,4.4,6,4,8
600,409.9,8,256,1024,64,0,14,0,0,0,31,4.2,38,2,2021,4.4,8,4,8
600,554.9,8,256,1024,64,0,14,0,0,0,7,3.8,8,3,2021,4.5,12,6,12
600.46,454.9,8,512,0,64,0,15.6,1,0,0,24,4.2,43,4,2021,4.4,6,4,8
600.78,557.9,4,256,1024,64,0,14.9,1,0,1,7,4.2,41,4,2021,4.5,12,6,12
603.71,454.9,8,256,1024,64,0,15.6,0,0,0,24,4.3,207,16,2021,4.4,8,4,8
608.9,389.9,8,256,0,64,0,14,1,0,0,35,4.2,33,4,2021,4.4,8,4,8
609.08,459.9,8,512,0,64,0,14.96,0,0,0,24,4.3,184,29,2021,4.4,8,4,8
615.9,399.9,8,256,0,64,0,15.6,1,0,0,35,4.3,543,65,2021,4.4,8,4,8
619.9,565.41,8,512,0,64,0,14,0,0,0,8,4.4,677,87,2021,4.6,12,6,12
621.9,389.9,8,512,0,64,0,15.6,1,0,0,37,3.9,13,1,2021,4.4,6,4,8
629.9,479.9,8,512,0,64,0,15.6,1,0,0,23,4,35,2,2021,4.6,12,6,12
629.9,479.9,8,512,0,64,0,15.6,1,0,1,23,4.3,1625,152,2021,4.6,12,6,12
629.9,489.9,8,512,0,64,0,15.6,1,0,0,22,4.5,174,30,2021,4.4,8,4,8
635.1,539.9,8,256,0,64,0,14,1,1,1,14,4.6,14,0,2021,4.4,8,4,8
637.9,429.9,8,512,0,64,0,15.6,2,0,1,32,4.4,984,99,2021,4.4,8,4,8
642.9,484.9,8,512,0,32,0,15.6,2,0,1,24,4.3,126,13,2021,4.6,12,6,12
649.23,564.9,8,256,0,64,0,14,1,1,0,12,0,0,0,2021,4.4,8,4,8
649.9,499.9,8,512,0,64,2,15.6,1,0,0,23,4.1,45,3,2021,4.6,12,6,12
649.99,569.9,8,256,1024,64,0,15.6,1,0,0,12,4,27,2,2021,4.5,12,6,12
655.46,594.9,8,256,0,64,0,13.3,1,0,0,9,3.5,33,7,2019,3.9,6,4,8
658.53,554.9,8,512,0,64,0,14,1,1,1,15,4.3,143,15,2021,4.4,8,4,8
659.99,594.9,8,512,0,64,2,14,1,0,0,9,4.2,399,40,2020,5,16,8,16
659.99,499.9,8,0,1024,64,0,15.6,0,0,0,24,0,0,0,2021,4.5,12,6,12
660.5,559.99,8,512,0,64,0,15.6,0,0,0,15,4.8,5,1,2021,4.5,12,6,12
664.7,549.9,8,512,0,64,0,14,1,0,1,17,4.2,9,1,2021,4.5,12,6,12
669.9,554.9,8,512,0,64,0,14,0,0,0,17,3.9,8,1,2021,4.5,12,6,12
669.9,498,8,256,0,64,0,14.1,1,0,0,25,0,0,0,2021,4.5,12,6,12
679.9,519.9,8,512,0,32,0,14,1,1,1,23,4.7,6,2,2021,4.4,8,4,8
682.7,649.9,8,0,1024,64,2,15.6,1,0,1,4,4.3,23,4,2019,3.9,6,4,8
686.58,499.9,8,256,0,64,0,14,1,1,0,27,4.2,24,5,2021,4.4,8,4,8
689.99,619.99,8,256,0,64,0,15.6,1,0,1,10,2.8,4,0,2021,4.5,12,6,12
692.67,549.9,8,512,0,64,0,14,1,0,1,20,4.5,35,3,2021,4.4,8,4,8
697.36,694.9,8,512,0,64,0,16,1,0,1,0,4.2,72,7,2021,4.5,12,6,12
699.99,549.9,16,512,0,64,8,14,0,0,0,21,4.3,57,14,2020,5,16,8,16
699.99,529.9,8,512,0,64,0,14,1,0,1,24,4.4,3470,505,2021,4.5,12,6,12
699.99,609.99,8,512,0,64,0,14,1,0,1,12,4.4,3470,505,2021,4.5,12,6,12
699.99,579.9,8,256,1024,64,0,15.6,1,0,0,17,4.6,32,1,2021,4.5,12,6,12
701.71,549.9,8,512,0,64,0,15.6,0,0,0,21,4.2,116,15,2021,4.5,12,6,12
701.71,539.9,8,512,0,64,0,15.6,1,0,0,23,4.1,206,17,2021,4.5,12,6,12
702.86,489.9,8,0,1024,64,0,14,1,0,1,30,3.6,470,46,2021,4.5,12,6,12
709.9,509.9,8,256,1024,32,0,15.6,1,0,1,28,4.3,1188,127,2021,4.5,12,6,12
729.9,529.9,8,256,1024,64,0,15.6,1,0,0,27,0,0,0,2021,4.5,12,6,12
731.99,729.64,8,0,1024,64,2,15.6,1,0,0,0,4.2,18,6,2019,3.9,6,4,8
737.74,612.9,8,512,0,64,0,14,1,0,0,16,3,4,1,2021,4.5,12,6,12
743.9,529.9,8,512,0,64,0,14,2,0,1,28,4.2,300,24,2021,4.5,12,6,12
748.33,579.9,8,256,1024,64,0,15.6,1,0,0,22,4.2,47,0,2021,4.5,12,6,12
748.39,583.4,8,512,0,64,0,14,1,0,1,22,4,69,6,2021,4.5,12,6,12
749.9,459.9,8,512,0,64,0,14,0,0,0,38,4.7,6,1,2021,4.6,12,6,12
749.9,639.9,8,512,0,64,4,15.6,1,0,0,14,0,0,0,2021,4.6,12,6,12
750.23,639.9,8,512,0,64,0,15.6,1,0,1,14,4.7,3,0,2021,4.5,12,6,12
753.9,494.9,8,256,0,64,0,15.6,2,0,1,34,4.3,365,35,2021,4.5,12,6,12
754.9,539.9,8,256,0,64,0,14,1,1,1,28,4.4,299,41,2021,4.4,8,4,8
757.32,716.95,8,256,1024,64,2,15.6,0,0,0,5,4.2,153,16,2021,4.5,12,6,12
759.99,559.99,8,512,0,64,0,14,1,0,0,26,4.5,6,0,2021,4.5,12,6,12
759.99,529.9,8,512,0,64,0,15.6,1,0,0,30,4.2,155,20,2021,4.5,12,6,12
764.36,653.9,8,256,0,64,0,14,1,0,0,14,0,0,0,2021,4.5,12,6,12
769.9,449.9,8,512,0,64,0,14,0,0,0,41,3.4,17,3,2019,3.9,6,4,8
769.9,730.63,8,512,0,64,0,14,0,0,0,5,3.4,17,3,2019,3.9,6,4,8
769.9,730.63,8,512,0,64,0,14,0,0,0,5,3.4,17,3,2019,3.9,6,4,8
769.9,549.9,8,512,0,64,4,15.6,1,0,1,28,4.4,1681,227,2019,4.2,9,6,6
773.27,639.9,8,512,0,64,0,15.6,1,0,1,17,4.7,17,1,2021,4.5,12,6,12
779.9,544.9,8,256,1024,64,4,15.6,0,0,0,30,4.3,343,47,2019,4.2,9,6,6
779.9,587.99,8,0,1024,32,2,14,0,0,0,24,0,0,0,2021,4.6,12,6,12
781.09,659.9,8,512,0,64,0,15.6,1,0,1,15,4.6,17,4,2021,4.5,12,6,12
782.94,679.9,16,512,0,64,0,14,1,0,1,13,4.5,108,6,2021,4.5,12,6,12
783.07,607.9,8,512,0,64,0,14,1,1,0,22,4.4,10,1,2021,4.4,8,4,8
789.9,579.9,8,512,0,64,0,14,0,0,0,26,4.4,15,0,2020,5,16,8,16
789.9,601.9,8,256,1024,64,2,15.6,1,0,1,23,4.4,33,4,2021,4.5,12,6,12
794.45,669.99,16,512,0,64,0,14,1,0,1,15,4.4,17,1,2021,4.5,12,6,12
796.9,499.9,8,512,0,64,0,15.6,1,0,0,37,0,0,0,2021,4.6,12,6,12
796.9,549.9,8,512,0,64,0,14,1,1,0,30,4.5,245,34,2021,4.4,8,4,8
798.9,539.9,8,512,0,64,0,15.6,1,0,1,32,4.2,61,2,2021,4.5,12,6,12
799.9,655.56,8,512,0,64,0,13.3,0,0,0,18,0,0,0,2017,3.4,4,2,4
799.9,655.56,8,512,0,64,0,13.3,0,0,0,18,0,0,0,2017,3.4,4,2,4
799.9,655.56,8,512,0,64,0,13.3,0,0,0,18,0,0,0,2017,3.4,4,2,4
799.9,739.9,8,256,0,64,0,14,0,0,0,7,0,0,0,2019,4.5,8,4,8
799.9,739.9,8,256,0,64,0,14,0,0,0,7,0,0,0,2019,4.5,8,4,8
799.9,739.9,8,256,0,64,0,14,0,0,0,7,0,0,0,2019,4.5,8,4,8
799.9,739.9,8,256,0,64,0,14,0,0,0,7,0,0,0,2019,4.5,8,4,8
799.9,739.9,8,256,0,64,0,14,0,0,0,7,0,0,0,2019,4.5,8,4,8
799.9,739.9,8,256,0,64,0,14,0,0,0,7,0,0,0,2019,4.5,8,4,8
802.84,549.9,8,256,1024,64,0,14,1,0,1,31,3.8,353,28,2021,4.5,12,6,12
803.66,779.9,8,512,0,32,0,16,1,0,1,2,4.3,17,2,2021,4.5,12,6,12
809,725,8,512,0,64,0,16,1,0,1,10,4.4,40,3,2021,4.5,12,6,12
809.9,579.9,16,512,0,64,0,15.6,1,0,0,28,4.3,76,9,2020,5,16,8,16
809.9,599.9,16,512,0,64,0,14,1,0,0,25,4.5,11,2,2021,4.5,12,6,12
809.9,599.9,16,512,0,64,0,14,1,0,0,25,0,0,0,2021,4.5,12,6,12
809.9,599.9,16,512,0,64,0,14,1,0,0,25,0,0,0,2021,4.5,12,6,12
816.84,599.99,8,512,0,32,0,14,1,0,1,26,4,4,1,2021,4.5,12,6,12
819.9,579.9,8,512,0,64,4,15.6,1,0,0,29,4.5,3712,412,2021,4.6,12,6,12
819.9,559.9,8,256,1024,64,4,15.6,0,0,0,31,4.5,23,0,2021,4.6,12,6,12
829.9,639.9,8,512,0,32,0,14,1,1,1,22,4.6,10,1,2021,4.5,12,6,12
829.9,559.9,16,512,0,64,0,14,0,0,0,32,4.1,117,31,2021,4.5,12,6,12
829.9,527.9,8,512,0,64,0,14,0,0,0,36,4,5,0,2021,4.5,12,6,12
829.9,599.9,16,512,0,64,0,17.3,0,0,0,27,3.3,3,0,2021,4.5,12,6,12
833.9,629.9,16,1024,0,64,0,14,0,0,0,24,3.9,207,49,2020,5,16,8,16
834.17,741.9,8,1024,0,64,0,13.3,0,0,0,11,4.5,21,3,2021,4.5,12,6,12
834.58,749.9,8,512,0,64,0,13.3,1,0,1,10,3.3,3,1,2019,3.9,6,4,8
839.9,599.9,8,512,0,64,4,15.6,2,0,0,28,4.5,1597,228,2021,4.6,12,6,12
839.9,639.9,8,256,1024,64,4,15.6,2,0,0,23,4.3,794,83,2020,5,16,8,16
848.9,529.9,8,512,0,64,0,15.6,1,0,0,37,0,0,0,2021,4.5,12,6,12
849,789,8,512,0,64,0,16,1,1,1,7,3.6,16,1,2021,4.5,12,6,12
850,624.9,16,256,1024,64,0,14,0,0,0,26,3.4,8,0,2021,4.5,12,6,12
853.59,744.9,16,512,0,64,0,14,1,0,1,12,4.3,10,0,2021,4.5,12,6,12
853.91,641.9,8,512,0,64,2,14,1,0,1,24,0,0,0,2021,4.5,12,6,12
859.9,649.9,16,256,1024,64,0,15.6,1,0,0,24,4.7,10,1,2021,4.5,12,6,12
859.9,649.9,16,256,1024,64,0,15.6,1,0,1,24,4.3,328,51,2021,4.5,12,6,12
859.9,589.9,16,512,0,64,0,17.3,1,1,1,31,0,0,0,2021,4.5,12,6,12
859.9,589.9,16,256,1024,64,0,17.3,0,0,0,31,4.8,6,1,2021,4.5,12,6,12
861.99,624.9,8,256,1024,64,2,15.6,1,0,0,27,3.9,157,20,2021,4.5,12,6,12
866.9,609.9,8,256,1024,64,4,15.6,1,0,1,29,4.3,131,17,2019,4.2,9,6,6
867.2,575,8,512,0,64,2,15.6,1,0,1,33,0,0,0,2021,4.6,12,6,12
869.9,749.9,8,512,0,64,0,13.3,0,0,0,13,0,0,0,2021,4.5,12,6,12
873.2,699,8,256,1024,64,2,15.6,1,0,0,19,0,0,0,2021,4.5,12,6,12
877.17,719.9,8,256,1024,64,4,15.6,1,0,1,17,4.3,127,20,2021,4.5,12,6,12
884,735.19,8,512,0,32,2,16,0,0,0,16,0,0,0,2021,4.5,12,6,12
889.9,619.9,8,512,0,64,4,15.6,0,0,0,30,4.5,11,2,2020,5,16,8,16
889.9,519.9,8,512,0,64,0,15.6,2,0,1,41,4.2,85,4,2021,4.5,12,6,12
890,780,16,512,0,64,2,15.6,1,0,0,12,4.4,512,85,2021,4.5,12,6,12
893.95,700.9,16,512,0,64,0,14,0,0,0,21,4,5,1,2021,4.5,12,6,12
897.9,559.9,8,512,0,64,0,14,1,0,0,37,0,0,0,2021,4.5,12,6,12
898.49,679.9,16,512,0,64,0,14,0,0,0,24,4.4,93,9,2021,4.5,12,6,12
898.49,710.9,8,512,0,64,0,16,1,0,1,20,4.1,44,6,2021,4.5,12,6,12
899.9,659.9,8,512,0,64,4,15.6,1,0,1,26,4.4,3850,378,2021,4.6,12,6,12
899.99,609.9,8,512,0,64,0,14,1,0,1,32,4.4,17,1,2021,4.5,12,6,12
900,479.9,8,512,0,64,0,14,0,0,0,46,4.4,1119,242,2021,4.6,12,6,12
906.05,889.9,8,512,0,64,2,16,1,0,1,1,3.8,19,2,2021,4.5,12,6,12
907.83,701.9,16,512,0,64,0,15.6,0,0,0,22,3.5,6,3,2021,4.5,12,6,12
909.9,659.9,16,512,0,64,0,14,1,0,0,27,0,0,0,2021,4.5,12,6,12
920,919.99,8,512,0,64,0,16,1,0,1,0,4.6,16,2,2021,4.5,12,6,12
925.49,718.9,8,512,0,64,0,14,0,1,0,22,4.3,3,0,2021,4.5,12,6,12
925.52,694.9,16,512,0,64,2,14,1,0,1,24,0,0,0,2021,4.5,12,6,12
934.89,799.9,8,512,0,64,0,16,1,0,0,14,4.9,11,4,2021,4.5,12,6,12
936.9,664.9,8,512,0,64,4,15.6,1,0,1,29,4.4,282,36,2021,4.6,12,6,12
936.9,609.9,8,512,0,64,4,15.6,0,0,0,34,3.9,14,6,2021,4.5,12,6,12
936.9,599.9,8,256,1024,64,2,15.6,1,0,1,35,4.3,52,4,2021,4.5,12,6,12
942.01,719.9,8,512,0,64,0,14,0,1,0,23,4.7,7,1,2021,4.5,12,6,12
946,829.9,8,512,0,64,2,16,1,1,1,12,4.5,21,2,2021,4.5,12,6,12
948.9,829.9,8,512,0,64,2,16,0,1,0,12,4.4,16,3,2021,4.5,12,6,12
951.36,712.9,8,512,0,64,2,16,0,0,0,25,0,0,0,2021,4.5,12,6,12
959.9,799.9,16,512,0,64,4,15.6,2,0,0,16,4.5,484,56,2020,5,16,8,16
959.9,799.9,8,512,0,64,0,16,1,0,0,16,0,0,0,2021,4.5,12,6,12
969.9,779.9,8,512,0,64,0,14,1,0,1,19,4.3,21,5,2021,4.7,24,8,16
969.95,884.88,16,512,0,32,0,16,0,1,0,8,0,0,0,2021,4.7,24,8,16
978.9,619.9,16,512,0,64,0,14,0,0,0,36,4.2,56,7,2021,4.5,12,6,12
978.9,649.9,16,512,0,64,0,15.6,0,0,0,33,0,0,0,2021,4.5,12,6,12
979.46,799.9,8,512,0,64,2,14,1,1,1,18,4.6,23,2,2021,4.5,12,6,12
979.9,669.9,16,256,1024,64,4,15.6,0,0,0,31,4.2,25,4,2020,5,16,8,16
982,779.9,8,512,0,64,0,16,1,1,1,20,4.5,31,5,2021,4.5,12,6,12
992.03,769.9,8,512,0,64,2,16,1,1,1,22,4.4,14,2,2021,4.5,12,6,12
992.4,899.9,16,512,0,64,0,16,1,0,0,9,0,0,0,2021,4.7,24,8,16
992.9,689.9,8,512,0,64,4,15.6,1,0,1,30,4.5,44,2,2020,5,16,8,16
992.9,659.9,8,256,1024,64,2,15.6,1,0,1,33,4.2,241,19,2021,4.5,12,6,12
1013.9,623,16,512,0,64,0,15.6,1,0,1,38,4.4,825,95,2021,4.5,12,6,12
1019.9,759.9,8,512,0,64,4,15.6,0,0,0,25,4.6,1365,137,2021,4.6,12,6,12
1019.9,949.9,16,512,0,64,4,16,0,0,0,6,4.5,118,15,2021,4.7,24,8,16
1025,999.99,16,512,0,64,0,16,1,1,1,2,0,0,0,2021,4.7,24,8,16
1029.87,819.9,8,512,0,64,0,13.3,1,0,0,20,4.3,40,4,2019,4.5,8,4,8
1031.02,799.9,16,512,0,64,4,15.6,1,0,0,22,0,0,0,2021,4.6,12,6,12
1040.33,1029.9,16,1024,0,64,0,16,1,1,1,1,4.4,16,2,2021,4.7,24,8,16
1048.9,709.9,16,512,0,64,2,15.6,1,0,1,32,4.2,67,4,2021,4.5,12,6,12
1048.9,699.9,8,512,0,64,0,16,1,0,1,33,4.6,10,2,2021,4.5,12,6,12
1049.9,669.9,8,512,0,64,4,15.6,2,0,0,36,4.5,1639,230,2019,4.4,12,8,8
1049.9,829.9,16,512,0,64,6,15.6,1,0,1,20,4.4,262,31,2021,4.5,12,6,12
1049.9,849.9,8,512,0,64,0,16,0,0,0,19,0,0,0,2021,4.5,12,6,12
1049.9,849.9,8,512,0,64,0,16,0,0,0,19,0,0,0,2021,4.5,12,6,12
1059.9,769.9,8,512,0,64,4,15.6,1,0,0,27,0,0,0,2021,4.5,12,6,12
1059.9,729.9,8,512,0,64,4,17.3,0,0,0,31,4.5,74,10,2021,4.5,12,6,12
1060.82,795.9,8,512,0,64,2,14,1,1,0,24,0,0,0,2021,4.5,12,6,12
1069.9,769.9,16,512,0,64,4,15.6,2,0,0,28,4.6,75,17,2021,4.5,12,6,12
1072.62,901.9,16,512,0,64,4,16,1,0,1,15,4.3,6,1,2021,4.7,24,8,16
1090,869.99,8,512,0,64,2,14,1,1,1,20,4.7,3,0,2021,4.6,12,6,12
1093.53,893.9,16,512,0,64,0,14,1,1,1,18,0,0,0,2021,4.5,12,6,12
1096.96,849.9,16,512,0,64,0,14,3,1,1,22,4.5,13,2,2021,4.7,24,8,16
1109.9,734.9,16,512,0,64,4,14,1,0,0,33,4.5,213,45,2021,4.5,12,6,12
1130,1009.9,16,512,0,64,4,14,1,0,1,10,0,0,0,2021,4.5,12,6,12
1130.19,920,16,512,0,64,4,16,1,0,1,18,4.5,8,1,2021,4.7,24,8,16
1132.9,709.9,8,512,0,32,2,16,1,0,1,37,4.6,11,3,2021,4.5,12,6,12
1147.49,979.9,8,512,0,64,0,13.3,0,1,0,14,5,3,1,2021,4.5,12,6,12
1147.51,1029.9,16,512,0,64,0,13.3,1,1,1,10,4.7,11,2,2021,4.7,24,8,16
1151.67,599.9,8,512,0,64,0,15,1,0,1,47,4.3,37,2,2021,4.5,12,6,12
1157.29,1149.9,8,512,0,64,0,16,1,0,1,0,0,0,0,2021,4.5,12,6,12
1159.9,849.9,8,512,0,64,0,13.3,1,1,1,26,3.9,17,2,2021,4.5,12,6,12
1159.9,719.9,8,512,0,64,4,17.3,0,0,0,37,4.4,91,17,2021,4.5,12,6,12
1159.9,779.9,8,1024,0,64,4,17.3,1,0,1,32,4.4,202,26,2021,4.5,12,6,12
1169.9,759.9,8,1024,0,64,4,15.6,0,0,0,35,4.5,368,48,2021,4.5,12,6,12
1174.9,829.9,8,512,0,64,0,16,1,1,1,29,0,0,0,2021,4.5,12,6,12
1179.9,949.9,16,512,0,64,4,16,2,0,0,19,0,0,0,2021,4.7,24,8,16
1187.76,931.9,16,512,0,64,4,15.6,1,0,1,21,5,4,0,2021,4.7,24,8,16
1187.76,1040,16,512,0,64,0,16,1,1,1,12,0,0,0,2021,4.7,24,8,16
1188.9,799.9,8,512,0,64,4,15.6,0,0,0,32,4,5,2,2021,4.7,24,8,16
1207.08,649.9,16,512,0,64,0,13,1,0,1,46,4.4,46,4,2021,4.5,12,6,12
1216.08,649.9,8,1024,0,64,0,13.3,1,0,1,46,3,4,0,2021,4.5,12,6,12
1223,939.55,16,1024,0,64,2,16,1,0,1,23,4.8,4,0,2021,4.7,24,8,16
1229.9,999.9,16,512,0,64,0,16,1,0,0,18,4.3,30,7,2019,4.5,8,4,8
1229.9,949.9,16,512,0,64,0,13.3,1,0,1,22,0,0,0,2021,4.7,24,8,16
1229.9,949.9,16,512,0,64,0,16,0,0,0,22,0,0,0,2021,4.7,24,8,16
1239.9,849.9,16,1024,0,64,6,15.6,2,0,0,31,4.4,498,64,2020,5,16,8,16
1239.9,1049.9,16,512,0,64,2,16,1,0,0,15,4,85,9,2020,5,16,8,16
1258.9,859.9,16,512,0,64,0,14,1,1,1,31,4.4,77,10,2021,4.7,24,8,16
1258.9,879.9,8,512,0,64,0,16,1,1,1,30,4.7,28,6,2021,4.5,12,6,12
1269.9,879.9,8,1024,0,64,4,16,1,0,0,30,0,0,0,2021,4.5,12,6,12
1286.65,999.9,16,512,0,64,4,15.6,1,0,0,22,0,0,0,2021,4.7,24,8,16
1286.65,999.9,16,512,0,64,4,16,1,0,0,22,0,0,0,2021,4.7,24,8,16
1289.9,999.9,16,1024,0,64,0,13.3,0,0,0,22,0,0,0,2021,4.7,24,8,16
1299.9,899.9,16,512,0,64,6,15.6,1,0,1,30,4.6,124,17,2021,4.5,12,6,12
1299.9,849.9,8,512,0,32,6,16,1,0,0,34,5,5,0,2021,4.5,12,6,12
1299.9,889.9,8,512,0,64,6,16,1,0,0,31,0,0,0,2021,4.5,12,6,12
1309.9,929.9,16,512,1024,64,4,15.6,1,0,0,29,4.5,214,37,2021,4.7,24,8,16
1327.17,1169.9,16,1024,0,64,4,16,0,0,0,11,0,0,0,2021,4.7,24,8,16
1349.9,1099.9,16,512,0,64,4,16,1,0,0,18,4.3,138,30,2020,5,16,8,16
1349.9,1099.9,16,512,0,64,0,16,0,1,0,18,0,0,0,2021,4.7,24,8,16
1355.53,1353,16,512,0,64,0,16,1,0,1,0,5,5,2,2021,4.7,24,8,16
1369.9,989.9,16,1024,0,64,4,15.6,0,0,0,27,4.5,445,56,2021,4.7,24,8,16
1381.66,1149.99,8,512,0,64,0,16,1,1,1,16,0,0,0,2021,4.5,12,6,12
1383.66,1064.9,8,512,0,64,4,16,1,0,1,23,4.7,3,0,2021,4.6,12,6,12
1383.99,1219.9,16,1024,0,64,4,16,0,0,0,11,0,0,0,2021,4.7,24,8,16
1390,1109.99,16,512,0,32,0,14,0,0,0,20,0,0,0,2021,4.7,24,8,16
1391.04,1218.9,16,512,0,64,0,16,1,0,1,12,1.7,3,0,2019,4.5,8,4,8
1409.9,1199.9,16,256,1024,64,6,16,1,0,0,14,4.6,2038,313,2020,5,16,8,16
1409.9,1199.9,16,512,1024,32,6,15.6,1,0,0,14,4.5,342,54,2021,4.7,24,8,16
1409.9,1059.9,8,512,0,64,0,16,1,1,0,24,4.4,59,11,2021,4.5,12,6,12
1409.9,1149.9,8,512,0,64,0,16,1,1,0,18,0,0,0,2021,4.5,12,6,12
1449.9,1399.9,16,1024,0,64,6,15.6,1,0,0,3,0,0,0,2021,4.9,24,8,16
1461.94,1119.99,8,512,0,64,0,16,0,1,0,23,0,0,0,2021,4.5,12,6,12
1469.9,1249.9,16,1024,0,64,2,16,1,0,1,14,4.6,17,1,2020,5,16,8,16
1469.9,1049.9,16,1024,0,64,2,14,1,1,1,28,0,0,0,2021,4.7,24,8,16
1480.82,1199.9,16,1024,0,64,0,16,0,0,0,18,2.5,2,1,2020,5,16,8,16
1481.58,859.9,16,1024,0,64,0,13,1,0,1,41,3.4,7,2,2021,4.7,24,8,16
1499.9,779.9,8,1024,0,64,4,15.6,1,0,0,48,4.5,187,26,2021,4.6,12,6,12
1499.9,1299.9,16,1024,0,64,6,16,1,0,0,13,4.5,54,7,2021,4.7,24,8,16
1499.99,1209.8,16,1024,0,32,6,16,0,0,0,19,0,0,0,2021,4.7,24,8,16
1515.57,649.9,8,512,0,64,0,14,3,1,1,57,4,48,12,2021,4.5,12,6,12
1520.42,1285,16,1024,0,64,0,16,1,1,1,15,3.7,3,1,2021,4.7,24,8,16
1534.9,999.9,16,512,0,64,4,15.6,1,0,1,34,4.4,11,3,2021,4.7,24,8,16
1554.36,1299.99,8,512,0,64,0,16,1,1,0,16,0,0,0,2021,4.5,12,6,12
1569.9,1549.9,16,1024,0,64,4,16,2,1,0,1,4,3,2,2021,4.7,24,8,16
1569.9,1399.9,16,1024,0,64,6,16,0,0,0,10,4.5,4,2,2022,4.7,25,14,20
1575.63,1369.9,16,1024,0,64,6,16.1,1,0,1,13,0,0,0,2021,4.7,24,8,16
1589.9,1199.9,16,1024,0,64,0,16,1,1,0,24,4.8,8,1,2021,4.7,24,8,16
1591.8,689.9,8,512,0,64,0,16,3,1,1,56,4.6,44,8,2021,4.5,12,6,12
1601.34,949.9,16,1024,0,64,2,13.3,1,0,1,40,0,0,0,2021,4.7,24,8,16
1601.9,1599.9,16,2048,0,64,8,16,1,0,0,0,3.8,4,0,2020,5,16,8,16
1629.9,1199.9,16,1024,0,64,6,16,2,0,0,26,4.3,20,3,2021,4.7,24,8,16
1649.9,1349.9,16,1024,0,64,0,14,1,1,0,18,0,0,0,2021,4.7,24,8,16
1678.9,1229.9,16,1024,0,64,0,16,1,0,1,26,3,4,2,2021,4.7,24,8,16
1729.9,1549.9,16,1024,0,64,0,16,0,0,0,10,5,3,0,2020,5,16,8,16
1734.53,1446.9,16,1024,0,64,6,15.6,1,0,1,16,4.2,17,4,2020,5,16,8,16
1749,1599.9,8,512,0,64,0,16,1,0,0,8,4.4,32,5,2021,4.6,12,6,12
1750,1315,16,1024,0,64,6,16,1,0,0,24,0,0,0,2021,4.7,24,8,16
1784.64,1499.99,16,1024,0,64,0,16,1,1,0,15,0,0,0,2021,4.7,24,8,16
1799.9,1599.9,16,256,1024,64,4,16,3,0,0,11,0,0,0,2020,5,16,8,16
1799.9,1299.9,16,1024,0,64,8,16,2,0,0,27,4.2,14,3,2021,4.7,24,8,16
1799.99,1399.9,16,1024,0,64,6,15.6,1,0,0,22,0,0,0,2021,4.9,24,8,16
1929.77,1629.9,16,512,0,64,0,16,1,1,0,15,3.3,3,1,2020,5,16,8,16
1949,1799.9,16,1024,0,64,0,13,1,0,0,7,4.7,31,3,2021,4.6,12,6,12
1949,1799.9,16,1024,0,64,0,13,1,0,0,7,4.8,91,5,2021,4.6,12,6,12
1978.62,1719.9,16,1024,0,64,8,16,1,0,1,13,0,0,0,2021,4.7,24,8,16
1988.25,1650,16,1024,0,64,0,16,1,1,0,17,0,0,0,2021,4.7,24,8,16
1999.99,1699.9,32,1024,0,64,8,15.6,1,0,0,15,0,0,0,2021,4.9,24,8,16
2029.9,1659.9,16,1024,0,64,0,16,0,0,0,18,0,0,0,2020,5,16,8,16
2029.9,1679.9,16,1024,0,64,0,16,0,0,0,17,0,0,0,2020,5,16,8,16
2069.97,1623.99,16,512,0,32,2,16,0,0,0,21,0,0,0,2020,5,16,8,16
2147.6,2117.53,16,512,0,64,0,16,0,0,0,1,0,0,0,2020,5,16,8,16
2163.68,1799.9,16,1024,0,64,0,16,1,1,0,16,4.2,13,5,2020,5,16,8,16
2209.9,1572.49,16,1024,0,32,6,16,1,0,0,28,4.3,7,0,2021,4.7,24,8,16
2238.9,1929.9,16,1024,0,64,6,16,0,0,0,13,0,0,0,2021,4.9,24,8,16
2244.9,1510.98,16,1024,0,64,6,16,0,0,0,32,4.4,7,0,2021,4.7,24,8,16
2720,2299,16,1024,0,64,4,16,0,0,0,15,0,0,0,2019,4.4,12,8,8
3498.9,2349.9,16,1024,0,64,8,15.6,1,0,1,32,0,0,0,2020,5,16,8,16
3498.9,2659.98,16,1024,0,32,8,15.6,0,0,0,23,0,0,0,2020,5.2,20,10,20
